feature,importance
crime_year,0.20192399109999296
poverty_pct,0.14723472174746202
crime_hour,0.14719255760483177
per_capita_income,0.11758012090018886
latitude_clean,0.11446029374177924
hardship_index,0.05688977971868651
community_area_clean,0.05414756481874727
unemployment_pct,0.05086378515628188
longitude_clean,0.046832295897416595
district_clean,0.04358430294935125
avg_temperature,0.01195129145588387
crime_month,0.004349238309097892
crime_day_of_week,0.0012127081849145917
precipitation,0.001152867491228228
snow_event,0.00036988184294883505
rain_event,0.000254599081187927
